{"cameraMode":{"drawMode":0,"name":"Shaded","section":"Shading Mode"},"sceneLighting":true,"audioPlay":false,"sceneViewState":{"m_AlwaysRefresh":false,"showFog":true,"showSkybox":true,"showFlares":true,"showImageEffects":true,"showParticleSystems":true,"showVisualEffectGraphs":true,"m_FxEnabled":true},"in2DMode":false,"pivot":{"x":-0.34918832778930666,"y":-7.048816204071045,"z":-6.823745250701904},"rotation":{"x":0.0358264297246933,"y":0.9134089946746826,"z":-0.39699602127075198,"w":0.08242935687303543},"size":12.361184120178223,"orthographic":false}