{"cameraMode":{"drawMode":0,"name":"Shaded","section":"Shading Mode"},"sceneLighting":true,"audioPlay":false,"sceneViewState":{"m_AlwaysRefresh":false,"showFog":true,"showSkybox":true,"showFlares":true,"showImageEffects":true,"showParticleSystems":true,"showVisualEffectGraphs":true,"m_FxEnabled":true},"in2DMode":false,"pivot":{"x":0.15640324354171754,"y":0.19753915071487428,"z":-4.519296169281006},"rotation":{"x":-0.011998875066637993,"y":-0.011998849920928479,"z":-0.00014398882922250777,"w":0.9998571276664734},"size":0.27533549070358279,"orthographic":false}